timestamp,action,interaction_value
1732314551.128,Reset Canvas,0
1732314560.151,Reset Canvas,0
1732314561.633,Reset Canvas,0
1732314562.612,Start Drawing,1
1732314563.248,Stop Drawing,0
1732314563.991,Start Drawing,1
1732314564.742,Stop Drawing,0
1732314566.137,Start Drawing,1
1732314567.437,Stop Drawing,0
1732314568.411,Start Drawing,1
1732314569.379,Stop Drawing,0
1732314570.551,Start Drawing,1
1732314571.634,Stop Drawing,0
1732314572.728,Start Drawing,1
1732314573.458,Stop Drawing,0
1732314574.635,Start Drawing,1
1732314576.107,Stop Drawing,0
1732314577.775,Start Drawing,1
1732314579.176,Stop Drawing,0
1732314581.156,Start Drawing,1
1732314582.509,Stop Drawing,0
1732314604.528,Start Drawing,1
1732314604.845,Stop Drawing,0
1732314605.315,Start Drawing,1
1732314605.886,Stop Drawing,0
1732314606.447,Start Drawing,1
1732314606.994,Stop Drawing,0
1732314607.461,Start Drawing,1
1732314607.907,Stop Drawing,0
1732314608.398,Start Drawing,1
1732314608.977,Stop Drawing,0
1732314609.221,Start Drawing,1
1732314609.231,Stop Drawing,0
1732314609.517,Start Drawing,1
1732314609.933,Stop Drawing,0
1732314610.522,Start Drawing,1
1732314611.731,Stop Drawing,0
1732314613.392,Changed Color to #ff0000,0
1732314614.011,Start Drawing,1
1732314614.456,Stop Drawing,0
1732314614.99,Start Drawing,1
1732314615.435,Stop Drawing,0
1732314615.917,Start Drawing,1
1732314616.298,Stop Drawing,0
1732314616.768,Start Drawing,1
1732314617.326,Stop Drawing,0
1732314617.779,Start Drawing,1
1732314618.182,Stop Drawing,0
1732314618.548,Start Drawing,1
1732314619.274,Stop Drawing,0
1732314620.551,Start Drawing,1
1732314620.677,Stop Drawing,0
1732314621.312,Start Drawing,1
1732314621.514,Stop Drawing,0
1732314621.986,Start Drawing,1
1732314622.62,Stop Drawing,0
1732314623.119,Start Drawing,1
1732314623.433,Stop Drawing,0
1732314623.923,Start Drawing,1
1732314624.218,Stop Drawing,0
1732314624.6,Start Drawing,1
1732314625.008,Stop Drawing,0
1732314625.246,Start Drawing,1
1732314625.802,Stop Drawing,0
1732314626.129,Start Drawing,1
1732314626.524,Stop Drawing,0
1732314626.789,Start Drawing,1
1732314627.242,Stop Drawing,0
1732314627.484,Start Drawing,1
1732314628.13,Stop Drawing,0
1732314628.495,Start Drawing,1
1732314629.927,Stop Drawing,0
1732314645.414,Start Drawing,1
1732314646.84,Stop Drawing,0
1732314647.307,Start Drawing,1
1732314647.747,Stop Drawing,0
1732314648.331,Start Drawing,1
1732314649.095,Stop Drawing,0
1732314649.576,Start Drawing,1
1732314649.746,Stop Drawing,0
1732314650.727,Start Drawing,1
1732314651.079,Stop Drawing,0
1732314651.909,Start Drawing,1
1732314652.193,Stop Drawing,0
1732314974.374,Start Drawing,1
1732314974.869,Stop Drawing,0
1732314976.503,Start Drawing,1
1732314977.168,Stop Drawing,0
1732314977.88,Start Drawing,1
1732314978.603,Stop Drawing,0
1732314979.157,Start Drawing,1
1732314979.68,Stop Drawing,0
1732314980.435,Start Drawing,1
1732314980.849,Stop Drawing,0
1732314982.702,Start Drawing,1
1732314983.285,Stop Drawing,0
1732314983.854,Start Drawing,1
1732314984.341,Stop Drawing,0
1732315065.163,Reset Canvas,0
1732315065.993,Start Drawing,1
1732315066.268,Stop Drawing,0
1732315067.721,Start Drawing,1
1732315068.1,Stop Drawing,0
1732315069.015,Start Drawing,1
1732315069.713,Stop Drawing,0
1732315070.426,Start Drawing,1
1732315070.998,Stop Drawing,0
1732315074.063,Start Drawing,1
1732315074.431,Stop Drawing,0
1732315075.872,Start Drawing,1
1732315076.433,Stop Drawing,0
1732315077.441,Start Drawing,1
1732315078.198,Stop Drawing,0
1732315086.647,Start Drawing,1
1732315086.968,Stop Drawing,0
1732315087.437,Start Drawing,1
1732315087.69,Stop Drawing,0
1732315088.406,Start Drawing,1
1732315089.071,Stop Drawing,0
1732315090.106,Start Drawing,1
1732315091.442,Stop Drawing,0
1732315092.16,Start Drawing,1
1732315093.013,Stop Drawing,0
1732315093.627,Start Drawing,1
1732315094.803,Stop Drawing,0
1732315095.408,Start Drawing,1
1732315096.087,Stop Drawing,0
1732315101.457,Start Drawing,1
1732315101.846,Stop Drawing,0
1732315105.212,Changed Line Width to 12,0
1732315106.755,Start Drawing,1
1732315107.606,Stop Drawing,0
1732315108.774,Start Drawing,1
1732315109.952,Stop Drawing,0
1732315112.514,Start Drawing,1
1732315113.265,Stop Drawing,0
1732315113.852,Start Drawing,1
1732315114.45,Stop Drawing,0
1732315115.175,Canvas Saved,1
1732315118.299,Start Drawing,1
1732315119.051,Stop Drawing,0
1732315119.828,Start Drawing,1
1732315120.14,Stop Drawing,0
1732315124.592,Start Drawing,1
1732315125.243,Stop Drawing,0
1732315480.806,Stop Drawing,0
1732315481.62,Start Drawing,1
1732315482.054,Stop Drawing,0
1732315482.783,Start Drawing,1
1732315483.19,Stop Drawing,0
1732315494.64,Start Drawing,1
1732315494.957,Stop Drawing,0
1732315495.612,Start Drawing,1
1732315495.9,Stop Drawing,0
1732315496.527,Start Drawing,1
1732315496.854,Stop Drawing,0
1732315497.889,Start Drawing,1
1732315499.582,Stop Drawing,0
1732315525.824,Start Drawing,1
1732315526.728,Stop Drawing,0
1732315527.225,Start Drawing,1
1732315527.414,Stop Drawing,0
1732315527.818,Start Drawing,1
1732315528.069,Stop Drawing,0
1732315528.538,Start Drawing,1
1732315528.875,Stop Drawing,0
1732315529.431,Start Drawing,1
1732315529.654,Stop Drawing,0
1732315530.145,Start Drawing,1
1732315530.487,Stop Drawing,0
1732315532.714,Start Drawing,1
1732315532.914,Stop Drawing,0
1732315533.404,Start Drawing,1
1732315533.783,Stop Drawing,0
1732315534.168,Start Drawing,1
1732315534.735,Stop Drawing,0
1732315535.217,Start Drawing,1
1732315535.441,Stop Drawing,0
1732315535.967,Start Drawing,1
1732315536.083,Stop Drawing,0
1732317555.6,Reset Canvas,0
1732317557.145,Start Drawing,1
1732317557.509,Stop Drawing,0
1732317559.336,Start Drawing,1
1732317559.753,Stop Drawing,0
1732317560.756,Start Drawing,1
1732317560.893,Stop Drawing,0
1732317561.766,Start Drawing,1
1732317562.364,Stop Drawing,0
1732317564.32,Start Drawing,1
1732317565.125,Stop Drawing,0
1732317565.8,Start Drawing,1
1732317566.325,Stop Drawing,0
1732317567.274,Start Drawing,1
1732317568.307,Stop Drawing,0
1732317568.991,Start Drawing,1
1732317570.035,Stop Drawing,0
1732317570.655,Start Drawing,1
1732317571.406,Stop Drawing,0
1732317572.14,Start Drawing,1
1732317573.069,Stop Drawing,0
1732317574.184,Start Drawing,1
1732317575.218,Stop Drawing,0
1732317575.862,Start Drawing,1
1732317576.651,Stop Drawing,0
1732317577.332,Start Drawing,1
1732317578.15,Stop Drawing,0
1732317579.048,Start Drawing,1
1732317580.259,Stop Drawing,0
1732317580.946,Start Drawing,1
1732317582.189,Stop Drawing,0
1732317582.784,Start Drawing,1
1732317583.735,Stop Drawing,0
1732317584.352,Start Drawing,1
1732317585.186,Stop Drawing,0
1732317586.039,Start Drawing,1
1732317586.743,Stop Drawing,0
1732317587.243,Start Drawing,1
1732317587.967,Stop Drawing,0
1732317588.866,Start Drawing,1
1732317589.566,Stop Drawing,0
1732317590.074,Start Drawing,1
1732317590.879,Stop Drawing,0
1732317591.463,Start Drawing,1
1732317592.152,Stop Drawing,0
1732317748.162,Reset Canvas,0
1732317748.716,Start Drawing,1
1732317748.98,Stop Drawing,0
1732317750.692,Start Drawing,1
1732317751.243,Stop Drawing,0
1732317754.591,Start Drawing,1
1732317755.019,Stop Drawing,0
1732317755.838,Start Drawing,1
1732317756.354,Stop Drawing,0
1732317786.299,Start Drawing,1
1732317786.566,Stop Drawing,0
1732317787.248,Start Drawing,1
1732317788.05,Stop Drawing,0
1732317793.537,Start Drawing,1
1732317793.964,Stop Drawing,0
1732317794.496,Start Drawing,1
1732317795.058,Stop Drawing,0
1732317795.501,Start Drawing,1
1732317796.199,Stop Drawing,0
1732317796.867,Start Drawing,1
1732317797.784,Stop Drawing,0
1732317799.77,Start Drawing,1
1732317800.187,Stop Drawing,0
1732317800.677,Start Drawing,1
1732317801.446,Stop Drawing,0
1732317801.934,Start Drawing,1
1732317802.887,Stop Drawing,0
1732317803.476,Start Drawing,1
1732317804.122,Stop Drawing,0
1732318265.138,Reset Canvas,0
1732318267.02,Start Drawing,1
1732318267.365,Stop Drawing,0
1732318268.629,Start Drawing,1
1732318269.855,Stop Drawing,0
1732318271.232,Start Drawing,1
1732318272.804,Stop Drawing,0
1732318273.528,Start Drawing,1
1732318275.998,Stop Drawing,0
1732318276.9,Start Drawing,1
1732318279.239,Stop Drawing,0
1732318280.706,Start Drawing,1
1732318283.896,Stop Drawing,0
1732318284.678,Start Drawing,1
1732318285.938,Stop Drawing,0
1732318286.94,Start Drawing,1
1732318289.091,Stop Drawing,0
1732318290.42,Start Drawing,1
1732318291.773,Stop Drawing,0
1732318293.497,Start Drawing,1
1732318301.269,Stop Drawing,0
1732318328.358,Start Drawing,1
1732318329.059,Stop Drawing,0
1732318329.781,Start Drawing,1
1732318330.647,Stop Drawing,0
1732318331.163,Start Drawing,1
1732318333.016,Stop Drawing,0
1732318333.849,Start Drawing,1
1732318334.645,Stop Drawing,0
1732318400.033,Start Drawing,1
1732318400.221,Stop Drawing,0
1732318450.375,Reset Canvas,0
1732318450.996,Start Drawing,1
1732318451.33,Stop Drawing,0
1732318452.76,Start Drawing,1
1732318453.907,Stop Drawing,0
1732318455.502,Start Drawing,1
1732318456.118,Stop Drawing,0
1732318457.27,Start Drawing,1
1732318457.811,Stop Drawing,0
1732318458.454,Start Drawing,1
1732318459.235,Stop Drawing,0
1732318459.917,Start Drawing,1
1732318460.492,Stop Drawing,0
1732318460.983,Start Drawing,1
1732318462.51,Stop Drawing,0
1732318466.766,Changed Color to #000000,0
1732318467.745,Start Drawing,1
1732318468.218,Stop Drawing,0
1732318468.929,Start Drawing,1
1732318470.745,Stop Drawing,0
1732318472.157,Changed Line Width to 17,0
1732318473.122,Start Drawing,1
1732318474.825,Stop Drawing,0
1732318477.666,Changed Color to #00ff00,0
1732318478.408,Start Drawing,1
1732318480.34,Stop Drawing,0
1732318481.455,Start Drawing,1
1732318482.802,Stop Drawing,0
1732318484.125,Start Drawing,1
1732318484.49,Stop Drawing,0
1732318486.993,Changed Line Width to 19,0
1732318487.002,Changed Line Width to 20,0
1732318487.018,Changed Line Width to 21,0
1732318487.033,Changed Line Width to 22,0
1732318487.049,Changed Line Width to 24,0
1732318487.083,Changed Line Width to 25,0
1732318487.149,Changed Line Width to 26,0
1732318489.347,Changed Color to #00ffff,0
1732318490.048,Start Drawing,1
1732318490.535,Stop Drawing,0
1732318491.91,Start Drawing,1
1732318492.59,Stop Drawing,0
1732318495.154,Stop Drawing,0
1732318495.653,Start Drawing,1
1732318496.164,Stop Drawing,0
1732318503.333,Start Drawing,1
1732318504.039,Stop Drawing,0
1732318504.769,Start Drawing,1
1732318505.547,Stop Drawing,0
1732318507.052,Start Drawing,1
1732318507.742,Stop Drawing,0
1732318508.341,Start Drawing,1
1732318508.843,Stop Drawing,0
1732318510.417,Start Drawing,1
1732318510.984,Stop Drawing,0
1732318511.508,Start Drawing,1
1732318511.961,Stop Drawing,0
1732318991.11,Start Drawing,1
1732318991.202,Stop Drawing,0
1732318991.802,Reset Canvas,0
1732318992.768,Start Drawing,1
1732318993.105,Stop Drawing,0
1732318993.853,Start Drawing,1
1732318994.085,Stop Drawing,0
1732318994.705,Start Drawing,1
1732318995.196,Stop Drawing,0
1732318995.668,Start Drawing,1
1732318995.881,Stop Drawing,0
